tokens,manual_tag,reason,Multitag,tags,,
Iraga|NNP,no_tag,"named entity, beyond our scope",FALSE,,,0
pagpapaunlad|NNC,event,,FALSE,administration,,
Mang|NNP,no_tag,named entity (person),FALSE,,,
kalabasa|NNC,food,,FALSE,aim,,
Sita|NNP,no_tag,named entity (person),FALSE,,,
klasrum|NNC,location,,FALSE,animal,,
kawayan|NNC,object,,FALSE,consequence,,
Ma’am|NNC,person,teacher siya,FALSE,,,
pagpapatakbo|NNC,gerund,,FALSE,event,,
Nanay|NNC,person,common nickname,FALSE,,,
manok|NNC,animal,,FALSE,location,,
Kinaumagahan|NNP,MISC,adverb,FALSE,,,
Tintin|NNP,no_tag,named entity,FALSE,,,
Dumidikit|NNP,no_tag,not a noun,FALSE,,,
tigil|NNC,gerund,"always in ""walang tigil""",FALSE,object,,
Rona|NNC,no_tag,named entity,FALSE,,,
Sara|NNP,no_tag,named entity,FALSE,,,
kalungkutang|NNC_CCP,emotion,,FALSE,organization,,
sapsap|NNC,animal,local fish,FALSE,person,,
pagmamahal|NNC,gerund,,FALSE,,,
Tigsik|NNP,person,"Bikolano for toast, used as friend",FALSE,,,
nakatatanda|NNC,person,elder,FALSE,gerund,,
aya|NNC,no_tag,verb,FALSE,emotion,,
Ali|NNP,no_tag,named entity (person),FALSE,,,
aswang|NNC,mythical creature,,FALSE,mythical creature,,
Lina|NNP,no_tag,named entity (person),FALSE,,,
Ate|NNC,no_tag,named entity (person),FALSE,,,
Bagong|NNP_CCP,no_tag,named entity (Event),FALSE,,,
Uuwi|NNP,no_tag,Verb (start of sentence),FALSE,,,
mata|NNC,body part,,FALSE,body part,,
petchay|NNC,food,,FALSE,food,,
pisngi|NNC,body part,,FALSE,,,
anestisya|NNC,object,,FALSE,,,
galaw|NNC,gerund,,FALSE,,,
Tintukso|NNP,no_tag,Verb (start of sentence),FALSE,,,
singko|NNC,Event,only use case is event,FALSE,,,
Kingan|NNP,no_tag,named entity (person),FALSE,,,
sulat|NNC,object,,FALSE,,,
Nadamay|NNP,no_tag,Verb (start of sentence),FALSE,,,
Palagi|NNP,no_tag,Verb (start of sentence),FALSE,,,
baywang|NNC,body part,,FALSE,,,
ngipin|NNC,body part,,FALSE,,,
Pilo|NNP,no_tag,named entity (person),FALSE,,,
Ana|NNP,no_tag,named entity (person),FALSE,,,
aaya|NNC,no_tag,verb,FALSE,,,
Sssss|NNP,MISC,onomatopoeia,FALSE,,,
Antipolo|NNP,no_tag,named entity (Location),FALSE,,,
tiyan|NNC,body part,,FALSE,,,
Itlog|NNC,object,egg,FALSE,,,
alala|NNC,no_tag,verb,FALSE,,,
kasingkulay|NNC,no_tag,adj,FALSE,,,
alikabok|NNC,object,,FALSE,,,
beses|NNC,event,,FALSE,,,
tsok|NNC,object,chalk,FALSE,,,
noo|NNC,body part,,FALSE,,,
senyales|NNC,event,,FALSE,,,
Pumutak|NNP,no_tag,Verb (start of sentence),FALSE,,,
Tuko|NNP,no_tag,named entity (person),FALSE,,,
tinidor|NNC,object,,FALSE,,,
panangga|NNC,object,,FALSE,,,
sinaing|NNC,food,,FALSE,,,
Napisa|NNP,no_tag,Verb (start of sentence),FALSE,,,
bilhan|NNC,no_tag,verb,FALSE,tags,,
siyudad|NNC,location,,FALSE,administration,,
lilim|NNC,location,,FALSE,aim,,
Martin|NNP,no_tag,named entity (person),FALSE,,,
yo|NNC,no_tag,"tandom ng sa'yo, iyo, pronoun",FALSE,animal,,
tribo|NNC,organization,,FALSE,consequence,,
Kinusot|NNP,no_tag,Verb (start of sentence),FALSE,,,
Namasyal|NNP,no_tag,Verb (start of sentence),FALSE,,,
Mikoy|NNP,no_tag,named entity (person),FALSE,,,
hiwagang|NNC_CCP,MISC,abstract,FALSE,event,,
pagpapaliwanag|NNC,no_tag,verb,FALSE,location,,
kapangyarihan|NNC,MISC,abstract,FALSE,object,,
pupuntahan|NNC,location,,FALSE,organization,,
ramo|NNC,animal,"partner of baboy ramo, only use case",FALSE,person,,
upo|NNC,food,the vegetable,FALSE,,,
Hinahagis|NNP,no_tag,Verb (start of sentence),FALSE,,,
O|NNPA,no_tag,interjection,FALSE,,,
talim|NNC,no_tag,"adj, only use case",FALSE,gerund,,
itsura|NNC,MISC,abstract,FALSE,emotion,,
nyebe|NNC,location,use case based,FALSE,mythical creature,,
sandali|NNC,event,,FALSE,body part,,
halika|NNC,no_tag,interjection,FALSE,food,,
harap|NNC,location,,FALSE,,,
Balabaw|NNP,no_tag,named entity (person),FALSE,,,
Inay|NNP,no_tag,named entity (person),FALSE,,,
bulalakaw|NNC,object,,FALSE,,,
aswang|NNC_CCP,mythical creature,,FALSE,,,
Isay|NNP,no_tag,named entity (person),FALSE,,,
Sumasagwan|NNP,no_tag,Verb (start of sentence),FALSE,,,
Anila|NNP,no_tag,named entity (person),FALSE,,,
Bituon|NNP,no_tag,named entity (person),FALSE,,,
pagbabangayan|NNC,gerund,use case based,FALSE,,,
hapong|NNC_CCP,event,could be time,FALSE,,,
kalagayan|NNC,MISC,abstract,FALSE,,,
tatay|NNC,person,,FALSE,,,
boses|NNC,MISC,,FALSE,,,
Po|NNP,no_tag,interjection,FALSE,,,
bulsa|NNC,object,,FALSE,,,
pagitan|NNC,location,,FALSE,,,
Idrowing|NNP,no_tag,Verb (start of sentence),FALSE,,,
ate|NNC,person,,FALSE,,,
Kabugwasun|NNP,no_tag,named entity (person),FALSE,,,
halimuyak|NNC,MISC,nothing for smell,FALSE,,,
Muning|NNP,no_tag,named entity (animal),FALSE,,,
ilong|NNC,body part,,FALSE,,,
hinga|NNC,no_tag,verb,FALSE,,,
anakan|NNC,person,use case anak-anakan,FALSE,,,
tiyuhin|NNC,person,,FALSE,,,
Kurakog|NNP,no_tag,named entity (person),FALSE,,,
Manoy|NNP,no_tag,named entity (person),FALSE,,,
Paglingon|NNP,no_tag,Verb (start of sentence),FALSE,,,
ganyan|NNC,MISC,abstract,FALSE,,,
sambit|NNC,"gerund,MISC",2 use cases,TRUE,,,
Bulkang|NNP_CCP,no_tag,named entity (Location),FALSE,,,
Kumakabog|NNP,no_tag,Verb (start of sentence),FALSE,,,
hasang|NNC_CCP,body part,,FALSE,,,
tuka|NNC,body part,,FALSE,tags,,
Bigay|NNP,no_tag,Verb (start of sentence),FALSE,,,
Pulang|NNP_CCP,no_tag,adjective,FALSE,,,
King|NNP,no_tag,named entity (person),FALSE,,,
hiningang|NNC_CCP,no_tag,adjective from naghahabol-hininga,FALSE,administration,,
Luna|NNP,no_tag,named entity (person),FALSE,,,
Umikot|NNP,no_tag,Verb (start of sentence),FALSE,,,
kopra|NNC,object,,FALSE,aim,,
pagbalik|NNC,gerund,,FALSE,animal,,
Alzheimer|NNP,no_tag,named entity (Event),FALSE,,,
Andyan|NNP,no_tag,,FALSE,,,
Gugurang|NNP,no_tag,,FALSE,,,
gitara|NNC,obejct,,FALSE,consequence,,
Langoy|NNP,no_tag,,FALSE,,,
pagsisisi|NNC,no_tag,verb,FALSE,event,,
Gininaw|NNP,no_tag,,FALSE,,,
t|NNCA,no_tag,"short for at, in tandem with iba't iba, etc.",FALSE,location,,
hamog|NNC,MISC,weather phenomenon used as an object,FALSE,object,,
Kamayanan|NNP,no_tag,,FALSE,,,
Nay|NNP,no_tag,,FALSE,,,
Aba|NNP,no_tag,,FALSE,,,
Nanay|NNP,no_tag,,FALSE,,,
Tang|NNP,no_tag,,FALSE,,,
Mario|NNP,no_tag,,FALSE,,,
Mapaparami|NNP,no_tag,,FALSE,,,
Cora|NNP,no_tag,,FALSE,,,
itlog|NNC,object,,FALSE,organization,,
hangin|NNC,event,weather phenomenon,FALSE,person,,
tropiyo|NNC,object,,FALSE,,,
Neeeeeeey|NNP,no_tag,,FALSE,,,
bahala|NNC,MISC,role,FALSE,gerund,,
pagtuli|NNC,gerund,,FALSE,emotion,,
takipsilim|NNC,event,,FALSE,mythical creature,,
Gugurang|NNC_CCP,no_tag,named entity,FALSE,,,
kurap|NNC,no_tag,verb,FALSE,body part,,
Sumimangot|NNP,no_tag,,FALSE,,,
Pagsisisihan|NNP,no_tag,,FALSE,,,
Lagim|NNP,no_tag,,FALSE,,,
Masustansya|NNP,no_tag,,FALSE,,,
salitang|NNC_CCP,MISC,abstract,FALSE,food,,
Opo|NNP,no_tag,,FALSE,,,
pagpasok|NNC,gerund,,FALSE,,,
pagkakaiba|NNC,MISC,abstract,FALSE,,,
rolyo|NNC,object,,FALSE,,,
Yoyo|NNP,no_tag,,FALSE,,,
Matud|NNP,no_tag,,FALSE,,,
Pawikan|NNP,no_tag,,FALSE,,,
Kinagabihan|NNP,no_tag,,FALSE,,,
palengke|NNC,location,,FALSE,,,
kaarawan|NNC,event,,FALSE,,,
karagatan|NNC,location,,FALSE,,,
pares|NNC,organization,,FALSE,,,
Tahipan|NNP,no_tag,,FALSE,,,
Masikap|NNP,no_tag,,FALSE,,,
ABC|NNPA,no_tag,named entity,FALSE,,,
Islaw|NNP,no_tag,,FALSE,,,
Nena|NNP,no_tag,,FALSE,,,
sara|NNC,no_tag,verb,FALSE,,,
Pandan|NNP,no_tag,,FALSE,,,
Pani|NNP,no_tag,,FALSE,,,
workshop|NNC,location,,FALSE,,,
Pasensiya|NNP,no_tag,,FALSE,,,
kumikislap|NNC,no_tag,verb,FALSE,,,
bunot|NNC,object,,FALSE,,,
Sumagang|NNP,no_tag,,FALSE,,,
Ma|NNC,person,common name for mama,FALSE,,,
binata|NNC,person,,FALSE,,,
Yayo|NNP,no_tag,,FALSE,,,
kayong|NNC_CCP,no_tag,pronopun,FALSE,,,
Laki|NNC,no_tag,named entity (animal),FALSE,,,
sapa|NNC,location,,FALSE,,,
kape|NNC,food,,FALSE,,,
Takot|NNP,no_tag,,FALSE,,,
tukso|NNC,MISC,abstract,FALSE,,,
sabon|NNC,object,,FALSE,,,
tirik|NNC,gerund,,FALSE,tags,,
buhos|NNC,gerund,,FALSE,administration,,
Bonong|NNC_CCP,no_tag,named entity,FALSE,,,
ikabubuti|NNC,MISC,abstract,FALSE,aim,,
bunga|NNC,food,,FALSE,animal,,
Asog|NNP,no_tag,,FALSE,,,
Tutulungan|NNP,no_tag,,FALSE,,,
Education|NNP,no_tag,,FALSE,,,
tralala|NNC,MISC,onomatopoeia,FALSE,consequence,,
sitio|NNC,location,,FALSE,event,,
kahihiyan|NNC,MISC,abstract,FALSE,location,,
pagbabahagi|NNC,gerund,,FALSE,object,,
kabibe|NNC,animal,,FALSE,organization,,
Ping|NNC,no_tag,named_entity (person),FALSE,,,
Inday|NNC,no_tag,named_entity (person),FALSE,,,
destinasyon|NNC,location,,FALSE,person,,
Pino|NNP,no_tag,,FALSE,,,
aw|NNCA,MISC,onomatopoeia,FALSE,,,
dilim|NNC,"location,MISC",Use case dependent. 4 lang naman,TRUE,gerund,,
paruparong|NNC_CCP,animal,,FALSE,emotion,,
Dagling|NNP_CCP,no_tag,adverb,FALSE,,,
hinlalaki|NNC,body part,,FALSE,mythical creature,,
puluputan|NNC,person,only use case,FALSE,body part,,
sinag|NNC,gerund,,FALSE,food,,
tilamsik|NNC,gerund,,FALSE,,,
sagot|NNC,"no_tag,gerund","tag depends if it is right after a ""|PMS or not",TRUE,,,
nguso|NNC,body part,,FALSE,,,
ideya|NNC,MISC,abstract,FALSE,,,
Chirath|NNP,no_tag,,FALSE,,,
pagyuko|NNC,no_tag,verb,FALSE,,,
Bigla|NNP,no_tag,,FALSE,,,
pagtagpi|NNC,no_tag,verb,FALSE,,,
teksto|NNC,object,,FALSE,,,
Grade|NNP,no_tag,,FALSE,,,
Ayun|NNP,no_tag,,FALSE,,,
Gumaganda|NNP,no_tag,,FALSE,,,
Wow|NNP,no_tag,,FALSE,,,
Heto|NNP,no_tag,,FALSE,,,
Lawa|NNP,no_tag,,FALSE,,,
Mabibibli|NNP,no_tag,,FALSE,,,
pagdisenyo|NNC,gerund,,FALSE,,,
Holmes|NNP,no_tag,,FALSE,,,
g|NNCA,no_tag,formatting error,FALSE,,,
tuwa|NNC,emotion,,FALSE,,,
Sige|NNP,no_tag,,FALSE,,,
lobo|NNC,object,no animal use case,FALSE,,,
Pagkatanghali|NNP,no_tag,,FALSE,,,
bulang|NNC_CCP,object,,FALSE,,,
pagsaing|NNC,gerund,,FALSE,,,
basura|NNC,object,,FALSE,,,
luyo|NNC,location,,FALSE,,,
Hua|NNP,no_tag,,FALSE,,,
pugita|NNC,animal,,FALSE,,,
motorsiklo|NNC,object,,FALSE,,,
Kailan|NNP,no_tag,,FALSE,,,
karton|NNC,object,,FALSE,,,
TV|NNPA,object,,FALSE,,,
ayoko|NNC,no_tag,adverb,FALSE,,,
pera|NNC,object,,FALSE,,,
Umiling|NNP,no_tag,,FALSE,,,
Psst|NNP,no_tag,,FALSE,,,
Ma’am|NNP,no_tag,,FALSE,,,
baso|NNC,object,,FALSE,,,
palang|NNC,no_tag,not a noun,FALSE,,,
USAID|NNPA,no_tag,,FALSE,,,
Kasi|NNP,no_tag,,FALSE,,,
Ulang|NNP,no_tag,,FALSE,,,
Mabibilog|NNP,no_tag,,FALSE,,,
basag|NNC,no_tag,adjective,FALSE,,,
itik|NNC,animal,,FALSE,,,
managinip|NNC,no_tag,verb,FALSE,tags,,
Alas|NNP,no_tag,,FALSE,,,
Layo|NNP,no_tag,,FALSE,,,
malay|NNC,MISC,abstract,FALSE,administration,,
pamingwit|NNC,object,,FALSE,aim,,
Sigaw|NNC,no_tag,verb,FALSE,,,
International|NNP,no_tag,,FALSE,,,
pababayaan|NNC,no_tag,verb,FALSE,animal,,
Hahaha|NNP,no_tag,,FALSE,,,
nanay|NNC,person,,FALSE,consequence,,
bisekleta|NNC,object,,FALSE,event,,
pagsasaka|NNC,gerund,,FALSE,location,,
kalderong|NNC_CCP,object,,FALSE,object,,
totorot|NNC,object,,FALSE,organization,,
halimbawa|NNC,MISC,single use case non conclusive,FALSE,person,,
Dodong|NNP,no_tag,,FALSE,,,
Manang|NNC_CCP,no_tag,named entity,FALSE,,,
kalidad|NNC,MISC,abstract; property,FALSE,,,
Sumosobra|NNP,no_tag,,FALSE,,,
Microcarpa|NNP,no_tag,,FALSE,,,
Hissssss|NNP,no_tag,,FALSE,,,
Mina|NNP,no_tag,,FALSE,,,
keso|NNC,food,,FALSE,gerund,,
buntot|NNC,body part,,FALSE,emotion,,
kalsada|NNC,location,,FALSE,mythical creature,,
kamote|NNC,food,,FALSE,body part,,
pigura|NNC,MISC,abstract,FALSE,food,,
Tiningala|NNP,no_tag,,FALSE,,,
utak|NNC,body part,,FALSE,,,
Diba|NNP,no_tag,,FALSE,,,
kulang|NNC,MISC,from magbagong kulang,FALSE,,,
Sumagang|NNC,Location,sa' before the word,FALSE,,,
Noy|NNP,no_tag,,FALSE,,,
Pia|NNP,no_tag,,FALSE,,,
hinog|NNC,no_tag,adjective,FALSE,,,
Lisa|NNP,no_tag,,FALSE,,,
Karamiha|NNP,no_tag,,FALSE,,,
Hinihiwa|NNP,no_tag,,FALSE,,,
imik|NNC,gerund,,FALSE,,,
Paulit|NNP,no_tag,,FALSE,,,
hamapas|NNC,gerund,,FALSE,,,
padaan|NNC,no_tag,verb,FALSE,,,
misa|NNC,event,,FALSE,,,
kakayahan|NNC,MISC,abstract,FALSE,,,
Rona|NNP,no_tag,,FALSE,,,
Woooosh|NNP,no_tag,,FALSE,,,
Kumurap|NNP,no_tag,,FALSE,,,
Yolly|NNP,no_tag,,FALSE,,,
Libot|NNP,no_tag,,FALSE,,,
Miyerkoles|NNP,no_tag,,FALSE,,,
Teka|NNP,no_tag,,FALSE,,,
lumbay|NNC,emotion,,FALSE,,,
pakaalis|NNC,no_tag,not a noun,FALSE,,,
Hooo|NNP,no_tag,,FALSE,,,
Amerikano|NNP,no_tag,,FALSE,,,
pagulong|NNC,no_tag,verb,FALSE,,,
Angkop|NNP,no_tag,,FALSE,,,
Kayo|NNP,no_tag,,FALSE,,,
kani|NNC,no_tag,from kani-kanila. pronoun,FALSE,,,
edad|NNC,MISC,abstract,FALSE,,,
Delgado|NNP,no_tag,,FALSE,,,
tuhod|NNC,body part,,FALSE,,,
cartoon|NNC,MISC,no other categs fit,FALSE,,,
Elementary|NNP,no_tag,,FALSE,,,
Pasilip|NNP,no_tag,,FALSE,,,
Miyerkules|NNP,no_tag,,FALSE,,,
timbang|NNC,MISC,abstract measured,FALSE,,,
eskuwelahan|NNC,location,,FALSE,,,
kilometro|NNC,MISC,abstract measured,FALSE,,,
paghila|NNC,"no_tag,gerund",2 use cases. one for each,TRUE,tags,,
Naku|NNP,no_tag,,FALSE,,,
Baryo|NNP,no_tag,,FALSE,,,
Pasensya|NNP,no_tag,,FALSE,,,
pakwan|NNC,food,,FALSE,administration,,
hiling|NNC,MISC,abstract,FALSE,aim,,
halina|NNC,no_tag,interjection,FALSE,animal,,
Bili|NNP,no_tag,,FALSE,,,
tilapyang|NNC_CCP,food,no use case for animal,FALSE,consequence,,
T|NNPA,no_tag,,FALSE,,,
Dambuhala|NNC,no_tag,adjective,FALSE,,,
ganda|NNC,no_tag,adjective,FALSE,event,,
Berto|NNP,no_tag,,FALSE,,,
Maharjan|NNP,no_tag,,FALSE,,,
alimasag|NNC,animal,no use case for food,FALSE,location,,
saba|NNC,food,,FALSE,object,,
asim|NNC,no_tag,adjective,FALSE,organization,,
tenga|NNC,body part,,FALSE,person,,
inuming|NNC,food,,FALSE,,,
ampalaya|NNC,food,,FALSE,gerund,,
asido|NNC,object,,FALSE,emotion,,
Yay|NNP,no_tag,,FALSE,,,
musang|NNC,animal,civet,FALSE,mythical creature,,
Tamarindus|NNP,no_tag,,FALSE,,,
pagbukas|NNC,gerund,,FALSE,body part,,
mangga|NNC,food,,FALSE,food,,
unglo|NNC,mythical creature,https://bcl.wiktionary.org/wiki/unglo,FALSE,,,
Ganyan|NNP,no_tag,,FALSE,,,
kaunlarang|NNC_CCP,no_tag,adjective,FALSE,,,
Wooooooosh|NNP,no_tag,,FALSE,,,
pagong|NNC,animal,,FALSE,,,
mais|NNC,food,,FALSE,,,
ikinabubuhay|NNC,MISC,abstract,FALSE,,,
Mando|NNP,no_tag,,FALSE,,,
bakasyon|NNC,event,,FALSE,,,
Alco|NNP,no_tag,,FALSE,,,
medalya|NNC,object,,FALSE,,,
Ipagpaumanhin|NNP,no_tag,,FALSE,,,
papelastik|NNC,object,,FALSE,,,
haba|NNC,MISC,abstract measurement,FALSE,,,
Parte|NNC,MISC,only use case is parte ng tradisyon,FALSE,,,
Carlos|NNP,no_tag,,FALSE,,,
modyul|NNC,object,,FALSE,,,
Cocoy|NNP,no_tag,,FALSE,,,
suklayan|NNC,no_tag,verb,FALSE,,,
liksi|NNC,no_tag,adjective,FALSE,,,
Sinaing|NNP,no_tag,,FALSE,,,
imprentahan|NNC,location,printing shop,FALSE,,,
piko|NNC,MISC,abstract game,FALSE,,,
Bentong|NNP,no_tag,,FALSE,,,
kagubatan|NNC,location,,FALSE,,,
pampasustansiya|NNC,MISC,"food sana but it's plant food, fertilizer",FALSE,,,
Amay|NNP,no_tag,,FALSE,,,
buyo|NNC,object,halaman,FALSE,,,
hall|NNC,location,barangay hall,FALSE,,,
habagat|NNC,event,hanging habagat,FALSE,,,
Umupo|NNP,no_tag,,FALSE,,,
Niloko|NNP,no_tag,,FALSE,,,
Molo|NNP,no_tag,,FALSE,,,
musika|NNC,MISC,abstract,FALSE,,,
Ay|NNP,no_tag,,FALSE,,,
lamesa|NNC,object,,FALSE,tags,,
magkakampi|NNC,MISC,use case inconclusive,FALSE,administration,,
Dumungaw|NNP,no_tag,,FALSE,,,
Kastila|NNP,no_tag,,FALSE,,,
Doona|NNP,no_tag,,FALSE,,,
Paalam|NNP,no_tag,,FALSE,,,
Pagkasalansan|NNP,no_tag,,FALSE,,,
pakiramdam|NNC,emotion,techically this is above emotion,FALSE,aim,,
eroplano|NNC,object,,FALSE,animal,,
tagaalaga|NNC,person,,FALSE,consequence,,
Kamayanang|NNC_CCP,location,,FALSE,,,
Dibis|NNP,no_tag,,FALSE,,,
Lamawan|NNP,no_tag,,FALSE,,,
id|NNCA,no_tag,named entity (person),FALSE,event,,
eskuwela|NNC,location,,FALSE,location,,
Bitbit|NNP,no_tag,,FALSE,,,
City|NNP,no_tag,,FALSE,,,
tradisyon|NNC,MISC,abstract,FALSE,object,,
Iluko|NNC,object,fertilizer,FALSE,,,
Aldo|NNP,no_tag,,FALSE,,,
paligid|NNC,location,,FALSE,organization,,
pagpayag|NNC,no_tag,verb,FALSE,person,,
Papagalitan|NNP,no_tag,,FALSE,,,
laing|NNC,food,,FALSE,,,
biskuwit|NNC,food,,FALSE,gerund,,
Balatan|NNC,no_tag,named_entity (Location),FALSE,,,
Ayan|NNP,no_tag,,FALSE,,,
Itali|NNP,no_tag,,FALSE,,,
chainsaw|NNC,object,,FALSE,emotion,,
Punta|NNP,no_tag,,FALSE,,,
niyog|NNC,food,,FALSE,mythical creature,,
paghihintay|NNC,no_tag,verb,FALSE,body part,,
Mama|NNC,person,common nickname,FALSE,,,
Budang|NNP,no_tag,,FALSE,,,
Titser|NNP,no_tag,,FALSE,,,
ulan|NNC,event,,FALSE,food,,
Jessie|NNP,no_tag,,FALSE,,,
sari|NNC,no_tag,adjective,FALSE,,,
pagkakataon|NNC,MISC,abstract not event,FALSE,,,
talisay|NNC,object,,FALSE,,,
Tikaw|NNP,no_tag,,FALSE,,,
lawa|NNC,location,,FALSE,,,
mungkahi|NNC,MISC,abstract,FALSE,,,
uling|NNC,object,,FALSE,,,
salita|NNC,MISC,abstract,FALSE,,,
Madulas|NNP,no_tag,,FALSE,,,
Sula|NNP,no_tag,,FALSE,,,
matang|NNC_CCP,body part,,FALSE,,,
Diyan|NNP,no_tag,,FALSE,,,
elesi|NNC,object,,FALSE,,,
Sasarahan|NNP,no_tag,,FALSE,,,
pasayan|NNC,food,no animal use case,FALSE,,,
kaba|NNC,emotion,,FALSE,,,
Ewan|NNP,no_tag,,FALSE,,,
Isarog|NNP,no_tag,,FALSE,,,
pagdrowing|NNC,no_tag,verb,FALSE,,,
dahoon|NNC,object,,FALSE,,,
lungkot|NNC,emotion,,FALSE,,,
Papo|NNP,no_tag,,FALSE,,,
paliwanag|NNC,MISC,abstract,FALSE,,,
palitan|NNC,no_tag,verb,FALSE,,,
asan|NNC,no_tag,not a noun,FALSE,,,
Kiko|NNP,no_tag,,FALSE,,,
Pe|NNP,no_tag,,FALSE,,,
Iko|NNP,no_tag,,FALSE,,,
tupi|NNC,no_tag,verb,FALSE,,,
luksong|NNC_CCP,MISC,abstract form luksong baka,FALSE,,,
bibig|NNC,body part,,FALSE,tags,,
uulan|NNC,event,,FALSE,administration,,
Tumakbong|NNP_CCP,no_tag,verb,FALSE,,,
ugali|NNC,MISC,abstract,FALSE,aim,,
Belen|NNP,no_tag,,FALSE,,,
Magkakapit|NNP,no_tag,,FALSE,,,
Mag|NNCA,no_tag,verb,FALSE,,,
ilahas|NNC,no_tag,adjective; ilahas na hayop wild animal,FALSE,animal,,
usok|NNC,MISC,definitely not object,FALSE,consequence,,
balikat|NNC,body part,,FALSE,event,,
Toto|NNP,no_tag,,FALSE,,,
libong|NNC_CCP,no_tag,adjective,FALSE,location,,
bunging|NNC_CCP,no_tag,adjective,FALSE,object,,
Paglagay|NNP,no_tag,,FALSE,,,
Foundation|NNP,no_tag,,FALSE,,,
Nay|NNC,person,common nickname,FALSE,,,
sapatos|NNC,object,,FALSE,organization,,
ninyong|NNC_CCP,no_tag,pronoun,FALSE,person,,
kaunlaran|NNC,MISC,abstract,FALSE,,,
Hello|NNP,no_tag,,FALSE,,,
grado|NNC,MISC,abstract measurement,FALSE,gerund,,
galit|NNC,emotion,,FALSE,emotion,,
pagbago|NNC,gerund,,FALSE,mythical creature,,
pawis|NNC,object,,FALSE,body part,,
hininga|NNC,MISC,not an object not a body part inconclusive,FALSE,food,,
Miss|NNP,no_tag,,FALSE,,,
Pupuriin|NNP,no_tag,,FALSE,,,
Sabby|NNP,no_tag,,FALSE,,,
kaharian|NNC,location,,FALSE,,,
tikbalang|NNC,mythical creature,,FALSE,,,
Magkantahan|NNP,no_tag,,FALSE,,,
pusod|NNC,body part,,FALSE,,,
labi|NNC,body part,,FALSE,,,
saya|NNC,"no_tag,emotion",sentence dependent,TRUE,,,
katawang|NNC_CCP,body part,,FALSE,,,
haplos|NNC,gerund,,FALSE,,,
puwang|NNC,location,abstract space maybe,FALSE,,,
Good|NNP,no_tag,,FALSE,,,
katribo|NNC,person,,FALSE,,,
Binuldoser|NNP,no_tag,,FALSE,,,
mundo|NNC,location,,FALSE,,,
espasyo|NNC,location,abstract space maybe,FALSE,,,
Uy|NNP,no_tag,,FALSE,,,
Dun|NNP,no_tag,,FALSE,,,
Dinesh|NNP,no_tag,,FALSE,,,
Anim|NNP,no_tag,,FALSE,,,
mo.|NNCA,no_tag,not an entity,FALSE,,,
Masustansiyang|NNP_CCP,no_tag,adjective,FALSE,,,
bignay|NNC,object,tree,FALSE,,,
Nak|NNCA,person,,FALSE,,,
Precy|NNP,no_tag,,FALSE,,,
pagguhit|NNC,gerund,,FALSE,,,
mambubukid|NNC,person,,FALSE,,,
imbak|NNC,object,,FALSE,,,
Manila|NNP,no_tag,,FALSE,,,
lakas|NNC,MISC,abstract property,FALSE,,,
Hinagilap|NNP,no_tag,,FALSE,,,
dyan|NNC,no_tag,not an entity,FALSE,,,
gala|NNC,no_tag,verb,FALSE,,,
Lunes|NNP,no_tag,,FALSE,,,
Akay|NNC,no_tag,named_entity (person),FALSE,,,
O|NNP,no_tag,,FALSE,,,
Magpapatulong|NNP_CCP,no_tag,verb,FALSE,,,
peklat|NNC,body part,,FALSE,,,
takang|NNC_CCP,no_tag,adjective,FALSE,,,
Auring|NNP,no_tag,,FALSE,,,
Plano|NNP,no_tag,,FALSE,,,
talo|NNC,no_tag,"adjective, verb",FALSE,tags,,
pakialam|NNC,MISC,abstract,FALSE,administration,,
gatas|NNC,food,,FALSE,aim,,
batuan|NNC,"no_tag,food",food for that one use case,TRUE,animal,,
tagpiin|NNC,no_tag,verb,FALSE,consequence,,
karakter|NNC,person,use case,FALSE,event,,
sityo|NNC,location,,FALSE,location,,
pangalang|NNC_CCP,MISC,abstract,FALSE,object,,
tabagak|NNC,animal,fish not food,FALSE,organization,,
Setyembre|NNP,no_tag,,FALSE,,,
Sagot|NNC,gerund,start of sentence subject,FALSE,,,
usupan|NNC,no_tag,verb,FALSE,person,,
langit|NNC,location,,FALSE,,,
bitbit|NNC,object,,FALSE,gerund,,
Covid|NNP,no_tag,,FALSE,,,
Dali|NNP,no_tag,,FALSE,,,
kabigan|NNC,person,,FALSE,emotion,,
kaibigang|NNC_CCP,animal,use case based,FALSE,mythical creature,,
paguugali|NNC,gerund,,FALSE,body part,,
Kukunin|NNP,no_tag,,FALSE,,,
Mag|NNP,no_tag,,FALSE,,,
karangalan|NNC,MISC,abstract,FALSE,food,,
Iihi|NNP,no_tag,,FALSE,,,
bilin|NNC,no_tag,verb,FALSE,,,
Luha|NNP,no_tag,,FALSE,,,
batayan|NNC,MISC,abstract,FALSE,,,
basong|NNC_CCP,object,,FALSE,,,
Wooosh|NNP,no_tag,,FALSE,,,
Kalamansi|NNP,no_tag,,FALSE,,,
Niko|NNP,no_tag,,FALSE,,,
pagsang|NNC,gerund,,FALSE,,,
Hala|NNP,no_tag,,FALSE,,,
mensahe|NNC,MISC,abstract,FALSE,,,
Matulungin|NNP,no_tag,,FALSE,,,
Epi|NNP,no_tag,,FALSE,,,
pagsisimula|NNC,no_tag,verb,FALSE,,,
sitaw|NNC,food,,FALSE,,,
kapitbahayan|NNC,location,,FALSE,,,
liwanag|NNC,MISC,abstract,FALSE,,,
talahiban|NNC,location,,FALSE,,,
tinapay|NNC,food,,FALSE,,,
pintuan|NNC,location,,FALSE,,,
One|NNP,no_tag,,FALSE,,,
habilin|NNC,no_tag,verb,FALSE,,,
Ningning|NNP,no_tag,,FALSE,,,
lalim|NNC,MISC,abstract measurement,FALSE,,,
Pogi|NNP,no_tag,,FALSE,,,
pagsisigaw|NNC,no_tag,verb,FALSE,,,
klase|NNC,"event,MISC",class in classroom or class as in low-class high-class etc,TRUE,,,
Iriga|NNP,no_tag,,FALSE,,,
eskenita|NNC,location,,FALSE,,,
kwentong|NNC_CCP,MISC,abstract,FALSE,,,
nganga|NNC,object,the chewy thing,FALSE,,,
saway|NNC,no_tag,verb,FALSE,tags,,
pagtatanim|NNC,gerund,,FALSE,administration,,
damdamin|NNC,emotion,,FALSE,aim,,
Okay|NNP,no_tag,,FALSE,,,
awiting|NNC_CCP,MISC,abstract,FALSE,animal,,
alukaba|NNC,body part,cebuano for eggshell,FALSE,consequence,,
plano|NNC,MISC,abstract,FALSE,event,,
Dugo|NNP,no_tag,,FALSE,,,
pagsasaayos|NNC,no_tag,verb,FALSE,location,,
hantik|NNC,animal,,FALSE,object,,
Sabado|NNP,no_tag,,FALSE,,,
maiilap|NNC,no_tag,adjective,FALSE,organization,,
pagpapaliwang|NNC,no_tag,verb,FALSE,person,,
panloloko|NNC,no_tag,verb,FALSE,,,
ulalo|NNC,animal,,FALSE,gerund,,
pawikan|NNC,animal,,FALSE,emotion,,
baboy|NNC,animal,,FALSE,mythical creature,,
ipa|NNC,food,,FALSE,body part,,
silbi|NNC,MISC,abstract,FALSE,food,,
Balatik|NNP,no_tag,,FALSE,,,
Umang|NNP,no_tag,,FALSE,,,
mama|NNC,person,,FALSE,,,
Hehehe|NNP,no_tag,,FALSE,,,
bulawbulaw|NNC,animal,,FALSE,,,
Asan|NNP,no_tag,,FALSE,,,
Bakasyon|NNP,no_tag,,FALSE,,,
butil|NNC,food,use case,FALSE,,,
Manong|NNP,no_tag,,FALSE,,,
sambayanan|NNC,organization,,FALSE,,,
Tay|NNP,no_tag,,FALSE,,,
State|NNP,no_tag,,FALSE,,,
pato|NNC,animal,,FALSE,,,
Wheew|NNP,no_tag,,FALSE,,,
kalinisan|NNC,MISC,abstract,FALSE,,,
manokan|NNC,location,,FALSE,,,
tilapya|NNC,"animal,food",use case dependent,TRUE,,,
Inday|NNP,no_tag,,FALSE,,,
alkohol|NNC,object,closest we have ,FALSE,,,
kanta|NNC,"no_tag,gerund",use case dependent,TRUE,,,
Bisel|NNP,no_tag,,FALSE,,,
Krassshh|NNP,no_tag,,FALSE,,,
pagkabahala|NNC,"no_tag,emotion",verb,FALSE,,,
Donna|NNP,no_tag,,FALSE,,,
kaninang|NNC_CCP,no_tag,adverb,FALSE,,,
oyayi|NNC,MISC,abstract,FALSE,,,
tawag|NNC,"gerund,no_tag",use case dependent,TRUE,,,
O.|NNPA,no_tag,interjection,FALSE,,,
Nila|NNP,no_tag,,FALSE,,,
pagmamayabang|NNC,no_tag,verb,FALSE,,,
Parasurat|NNP,no_tag,,FALSE,,,
Hmmm|NNP,no_tag,,FALSE,,,
iskwe|NNC,MISC,abstract game,FALSE,,,
korona|NNC,object,,FALSE,,,
heto|NNC,no_tag,not an entity,FALSE,,,
takot|NNC,"emotion,no_tag",adjective,TRUE,,,
pananim|NNC,object,,FALSE,,,
Huo|NNP,no_tag,,FALSE,,,
San|NNP,no_tag,,FALSE,,,
Lita|NNP,no_tag,,FALSE,,,
pagod|NNC,no_tag,adjective,FALSE,,,
palaisipan|NNC,no_tag,verb,FALSE,,,
abalang|NNC_CCP,no_tag,adjective,FALSE,,,
Hinarang|NNP_CCP,no_tag,verb,FALSE,,,
Unti|NNP,no_tag,,FALSE,,,
Nene|NNP,no_tag,,FALSE,,,
Philippines|NNP,no_tag,,FALSE,,,
kalamansi|NNC,food,,FALSE,,,
tuba|NNC,food,,FALSE,,,
kabarangay|NNC,person,,FALSE,,,
Neurons|NNP,no_tag,,FALSE,,,
biyahe|NNC,event,,FALSE,tags,,
Hmp|NNP,no_tag,,FALSE,,,
Payapang|NNP_CCP,no_tag,adjective,FALSE,,,
Kulisap|NNP,no_tag,,FALSE,,,
inilinya|NNC,no_tag,verb,FALSE,administration,,
Susie|NNP,no_tag,,FALSE,,,
paghagis|NNC,no_tag,verb,FALSE,aim,,
bigas|NNC,food,,FALSE,animal,,
Edan|NNP,no_tag,,FALSE,,,
kabog|NNC,no_tag,verb,FALSE,consequence,,
mangiyak|NNC,no_tag,verb,FALSE,event,,
samang|NNC_CCP,no_tag,adverb,FALSE,location,,
Talisay|NNP,no_tag,,FALSE,,,
Tara|NNP,no_tag,,FALSE,,,
kaklase|NNC,person,,FALSE,object,,
teacher|NNC,person,,FALSE,organization,,
inahin|NNC,animal,,FALSE,person,,
magkakapatid|NNC,organization,,FALSE,,,
pasensya|NNC,MISC,abstract ,FALSE,gerund,,
armas|NNC,object,,FALSE,emotion (pakiramdam),,
taon|NNC,event,,FALSE,mythical creature,,
pagkauhaw|NNC,emotion,,FALSE,body part,,
karamdaman|NNC,emotion,,FALSE,food,,
sanga|NNC,object,,FALSE,,,
Sama|NNP,no_tag,,FALSE,,,
Resty|NNP,no_tag,,FALSE,,,
Tamsi|NNP,no_tag,,FALSE,,,
Tikay|NNP,no_tag,,FALSE,,,
paliwanang|NNC_CCP,no_tag,verb,FALSE,,,
Tay|NNC,person,common nickname,FALSE,,,
mamumutol|NNC,person,,FALSE,,,
Facemask|NNP,no_tag,,FALSE,,,
Tribo|NNP,no_tag,,FALSE,,,
Ingkong|NNP,no_tag,,FALSE,,,
pagmamakaawa|NNC,no_tag,verb,FALSE,,,
The|NNP,no_tag,,FALSE,,,
Bayi|NNP,no_tag,,FALSE,,,
tanod|NNC,person,,FALSE,,,
kokopyahin|NNC,no_tag,verb,FALSE,,,
bigla|NNC,no_tag,adverb,FALSE,,,
barko|NNC,object,,FALSE,,,
Buga|NNP,no_tag,,FALSE,,,
Pagtatanim|NNP,no_tag,,FALSE,,,
parangal|NNC,object,,FALSE,,,
kuliling|NNC,MISC,abstract sound,FALSE,,,
Caloy|NNP,no_tag,,FALSE,,,
Tumahimik|NNP,no_tag,,FALSE,,,
Oh|NNP,no_tag,,FALSE,,,
libo|NNC,MISC,abstract measurement,FALSE,,,
akda|NNC,MISC,abstract,FALSE,,,
multong|NNC_CCP,mythical creature,,FALSE,,,
Manay|NNP,no_tag,,FALSE,,,
libro|NNC,object,,FALSE,,,
Kokoy|NNP,no_tag,,FALSE,,,
Lumukso|NNP,no_tag,,FALSE,,,
pagpapatuli|NNC,gerund,,FALSE,,,
amoy|NNC,MISC,abstract sense,FALSE,,,
CoVully|NNP,no_tag,,FALSE,,,
Takot|NNC,no_tag,adjective,FALSE,,,
regalo|NNC,object,,FALSE,,,
pamasahe|NNC,object,,FALSE,,,
suka|NNC,food,,FALSE,,,
Kalubihan|NNP,no_tag,,FALSE,,,
Biyernes|NNP,no_tag,,FALSE,,,
Yang|NNC_CCP,no_tag,verb,FALSE,,,
sili|NNC,food,,FALSE,,,
A|NNP,no_tag,,FALSE,,,
Maggy|NNP,no_tag,,FALSE,,,
torotot|NNC,object,,FALSE,,,
Gumapang|NNP_CCP,no_tag,verb,FALSE,,,
Ngingiti|NNP,no_tag,,FALSE,,,
kasagutan|NNC,MISc,abstract,FALSE,,,
bayabas|NNC,food,,FALSE,tags,,
Regalo|NNP,no_tag,,FALSE,,,
Bilis|NNP,no_tag,,FALSE,,,
malunggay|NNC,food,,FALSE,administration,,
asa|NNC,gerund,,FALSE,aim,,
paborito|NNC,no_tag,adjective,TRUE,animal,,
Basa|NNP,no_tag,,FALSE,,,
ulap|NNC,MISC,not an object,FALSE,consequence,,
aw|NNC,MISC,onomatopoeia,FALSE,event,,
papatalong|NNC_CCP,no_tag,adjective,FALSE,location,,
suso|NNC,animal,,FALSE,object,,
A.|NNPA,no_tag,interjection,FALSE,,,
kwento|NNC,"no_tag, MISC",verb or abstract,TRUE,organization,,
Nagbubukas|NNP,no_tag,,FALSE,,,
shampoo|NNC,object,,FALSE,person,,
kaisa|NNC,no_tag,adjective,FALSE,,,
giya|NNC,MISC,abstract guide,FALSE,gerund,,
MARTIN|NNPA,no_tag,named entity,FALSE,,,
bolang|NNC_CCP,object,,FALSE,emotion,,
Ayokong|NNP_CCP,no_tag,adverb,FALSE,,,
tingin|NNC,gerund,all used as a noun,FALSE,mythical creature,,
kuko|NNC,body part,,FALSE,body part,,
katwiran|NNC,no_tag,verb,FALSE,food,,
tunog|NNC,MISC,abstract,FALSE,,,
Anopol|NNP,no_tag,,FALSE,,,
Ate|NNP,no_tag,,FALSE,,,
Magdodrowing|NNP,no_tag,,FALSE,,,
pagkatuto|NNC,gerund,,FALSE,,,
obrang|NNC_CCP,object,,FALSE,,,
pagpatuloy|NNC,no_tag,verb,FALSE,,,
Duguduuuu|NNP,no_tag,,FALSE,,,
Tayo|NNP,no_tag,,FALSE,,,
sitsirya|NNC,food,,FALSE,,,
Hamon|NNP,no_tag,,FALSE,,,
paghakbang|NNC,gerund,,FALSE,,,
aani|NNC,no_tag,verb,FALSE,,,
Words|NNP,no_tag,,FALSE,,,
Roxas|NNP,no_tag,,FALSE,,,
kuwarto|NNC,location,,FALSE,,,
Nagpalipat|NNP,no_tag,,FALSE,,,
banta|NNC,MISC,abstract,FALSE,,,
pagtagaktak|NNC,event,use case sa ulan,FALSE,,,
naku|NNP,no_tag,interjection,FALSE,,,
sinaing|NNC_CCP,food,,FALSE,,,
hamong|NNC_CCP,MISC,abstract,FALSE,,,
Sherlock|NNP,no_tag,,FALSE,,,
Yan|NNC,no_tag,"demonstrative noun, panturo",FALSE,,,
Tongtong|NNP_CCP,no_tag,named entity,FALSE,,,
ilog|NNC,location,,FALSE,,,
baryo|NNC,location,,FALSE,,,
Kasalanan|NNP,no_tag,,FALSE,,,
baluktot|NNC,no_tag,adjective,FALSE,,,
Kamaligan|NNP,no_tag,,FALSE,,,
kalangitan|NNC,location,,FALSE,,,
gubat|NNC,location,,FALSE,,,
paningin|NNC,gerund,,FALSE,,,
salawal|NNC,object,,FALSE,,,
paika|NNC,no_tag,adverb,FALSE,,,
daya|NNC,no_tag,adjective,FALSE,,,
pakatapos|NNC,no_tag,adverb,FALSE,,,
maki|NNC,no_tag,verb,FALSE,,,
tawanan|NNC,gerund,,FALSE,,,
mundong|NNC_CCP,location,,FALSE,,,
Tagu|NNP,no_tag,,FALSE,,,
Agta|NNP,no_tag,,FALSE,,,
Ganiyan|NNP,no_tag,,FALSE,,,
Kanor|NNP,no_tag,,FALSE,,,
Zoo|NNP,no_tag,,FALSE,,,
pagluto|NNC,gerund,,FALSE,tags,,
Sigurado|NNP,no_tag,,FALSE,,,
iyak|NNC,"no_tag,gerund",use case dependent,TRUE,administration,,
aasong|NNC_CCP,no_tag,verb,FALSE,aim,,
siyato|NNC,MISC,abstract game,FALSE,animal,,
takbo|NNC,"gerund,MISC",,TRUE,consequence,,
halakhakan|NNC,gerund,,FALSE,event,,
Niyakap|NNP,no_tag,,FALSE,,,
Percy|NNP,no_tag,,FALSE,,,
lumba|NNC,animal,lumba lumba is dolphin,FALSE,location,,
pataas|NNC,no_tag,adverb,FALSE,object,,
paibabaw|NNC,no_tag,adverb,FALSE,organization,,
pabango|NNC,object,,FALSE,person,,
E|NNP,no_tag,,FALSE,,,
Yumuyugyog|NNP,no_tag,,FALSE,,,
Linggo|NNP,no_tag,,FALSE,,,
sama|NNC,no_tag,"adverb,verb",FALSE,,,
RTI|NNPA,no_tag,named entity,FALSE,,,
balyena|NNC,animal,,FALSE,gerund,,
Wonderful|NNP,no_tag,,FALSE,,,
Ingles|NNP,no_tag,,FALSE,,,
Paborito|NNP,no_tag,,FALSE,,,
Ondoy|NNP,no_tag,,FALSE,,,
galyon|NNC,object,,FALSE,emotion,,
tsinelas|NNC,object,,FALSE,mythical creature,,
pamimingwit|NNC,object,,FALSE,body part,,
Ulang|NNC_CCP,no_tag,named entity,FALSE,,,
Pahihiramin|NNP,no_tag,,FALSE,,,
donut|NNC,food,,FALSE,food,,
Tinutupi|NNP,no_tag,,FALSE,,,
Bakunawa|NNP,no_tag,,FALSE,,,
Tongtong|NNP,no_tag,,FALSE,,,
Wooooosh|NNP,no_tag,,FALSE,,,
Mediko|NNP,no_tag,,FALSE,,,
panaginip|NNC,event,,FALSE,,,
taka|NNC,no_tag,adjective,FALSE,,,
pantalan|NNC,location,,FALSE,,,
kagandahan|NNC,MISC,abstract,FALSE,,,
Maria|NNP,no_tag,,FALSE,,,
Tamtam|NNC,no_tag,named_entity (person),FALSE,,,
Paglalampaso|NNP,no_tag,,FALSE,,,
katunayan|NNC,MISC,,FALSE,,,
bati|NNC,no_tag,verb,FALSE,,,
Tatangkad|NNP,no_tag,,FALSE,,,
tatawagin|NNC,no_tag,verb,FALSE,,,
prutas|NNC,food,,FALSE,,,
direksyon|NNC,MISC,abstract,FALSE,,,
bulong|NNC,no_tag,verb,FALSE,,,
Hihintayin|NNP,no_tag,,FALSE,,,
iskuter|NNC,object,,FALSE,,,
pagwawala|NNC,no_tag,verb,FALSE,,,
pating|NNC,animal,,FALSE,,,
Sampuk|NNP,no_tag,,FALSE,,,
bakurang|NNC_CCP,location,,FALSE,,,
Ador|NNP,no_tag,,FALSE,,,
Pawikan|NNC,animal,type of turtle,FALSE,,,
baon|NNC,food,baon sa eskwela yung context,FALSE,,,
Pa|NNP,no_tag,,FALSE,,,
Balabaw|NNC,no_tag,named_entity (person),FALSE,,,
pasa|NNC,body part,,FALSE,,,
Dayday|NNP,no_tag,,FALSE,,,
Nina|NNP,no_tag,,FALSE,,,
mukha|NNC,body part,,FALSE,,,
hanging|NNC_CCP,event,weather hanging habagat,FALSE,,,
Hannibal|NNP,no_tag,,FALSE,,,
Panay|NNP,no_tag,,FALSE,,,
ihip|NNC,gerund,,FALSE,,,
palasyo|NNC,location,,FALSE,,,
Hmmmp|NNP,no_tag,,FALSE,,,
poso|NNC,object,,FALSE,,,
palayan|NNC,location,,FALSE,,,
pasamano|NNC,location,,FALSE,,,
Magkaibigan|NNP,organization,more than one person,FALSE,,,
aalala|NNC,no_tag,verb,FALSE,tags,,
pagsalo|NNC,no_tag,verb,FALSE,administration,,
Papalubog|NNP,no_tag,,FALSE,,,
kwarto|NNC,location,,FALSE,aim,,
Akala|NNP,no_tag,,FALSE,,,
Reklamo|NNC,no_tag,verb,FALSE,,,
pahiwatig|NNC,MISC,sign,FALSE,animal,,
modelo|NNC,person,role model,FALSE,consequence,,
Narrator|NNP,no_tag,,FALSE,,,
Ihipan|NNP,no_tag,,FALSE,,,
Nay|NNCA,person,,FALSE,,,
kalabaw|NNC,animal,,FALSE,event,,
gulang|NNC,MISC,abstract measurement,FALSE,location,,
silip|NNC,no_tag,verb,FALSE,object,,
papelastika|NNC,object,,FALSE,organization,,
Kara|NNP,no_tag,,FALSE,,,
Wanda|NNP,no_tag,,FALSE,,,
Pancit|NNP,pagkain,common food name,FALSE,,,
kararaw|NNC,object,looks like a container,FALSE,person,,
Sitang|NNC_CCP,no_tag,named entity,FALSE,,,
Pagpasok|NNC,no_tag,verb,FALSE,,,
impeksyon|NNC,event,use case,FALSE,,,
Ididikit|NNP,no_tag,,FALSE,,,
Dagling|NNP,no_tag,,FALSE,,,
ara|NNP,no_tag,not an entity,FALSE,gerund,,
pandan|NNC,food,,FALSE,emotion,,
Masarap|NNP,no_tag,,FALSE,,,
agimat|NNC,object,,FALSE,mythical creature,,
pagtulong|NNC,no_tag,verb,FALSE,body part,,
kuwento|NNC,MISC,abstract,FALSE,food,,
Grrrrr|NNP,no_tag,,FALSE,,,
Edu|NNP,no_tag,,FALSE,,,
anyaya|NNC,no_tag,verb,FALSE,,,
Nilo|NNP,no_tag,,FALSE,,,
hagikhik|NNC,gerund,,FALSE,,,
kabundukan|NNC,location,,FALSE,,,
Pandemya|NNP,no_tag,,FALSE,,,
Lingon|NNP,no_tag,,FALSE,,,
tainga|NNC,body part,,FALSE,,,
halin|NNC,no_tag,adverb,FALSE,,,
korales|NNC,object,,FALSE,,,
ganagan|NNC,object,compost,FALSE,,,
kapeng|NNC_CCP,food,,FALSE,,,
presyo|NNC,MISC,abstract measure,FALSE,,,
Taon|NNC,event,kadikit yung bagong taon,FALSE,,,
pormasyon|NNC,MISC,abstract order,FALSE,,,
Gugurang|NNP_CCP,no_tag,named entity,FALSE,,,
Babantayan|NNP,no_tag,,FALSE,,,
duyan|NNC,"object,location",use case,TRUE,,,
uwi|NNC,"no_tag,gerund",verb,FALSE,,,
Yehey|NNP,no_tag,,FALSE,,,
Awooo|NNP,no_tag,,FALSE,,,
nayon|NNC,location,,FALSE,,,
saging|NNC,food,,FALSE,,,
Ngiyaw|NNP,no_tag,,FALSE,,,
panggalang|NNC_CCP,MISC,abstract,FALSE,,,
karosa|NNC,object,,FALSE,,,
Grabe|NNP,no_tag,,FALSE,,,
habal|NNC,object,from habal-habal,FALSE,,,
Lisa|NNC,no_tag,named_entity (person),FALSE,,,
Mila|NNP,no_tag,,FALSE,,,
University|NNP,no_tag,,FALSE,,,
opo|NNC,no_tag,not an entity,FALSE,,,
dahang|NNC_CCP,no_tag,"adjective, from dahan-dahan",FALSE,,,
Citrofortunella|NNP,no_tag,,FALSE,,,
pamaba|NNC,object,some kind of vehicle,FALSE,,,
Hininga|NNP,no_tag,,FALSE,,,
siguraduhing|NNC_CCP,no_tag,verb,FALSE,,,
kwak|NNC,MISC,onomatopeia,FALSE,,,
paglampas|NNC,gerund,,FALSE,,,
yero|NNC,object,,FALSE,tags,,
Kumunot|NNP,no_tag,,FALSE,,,
managat|NNC,animal,fish,FALSE,administration,,
Hanga|NNP,no_tag,,FALSE,,,
tuko|NNC,animal,,FALSE,aim,,
Bulaga|NNP,no_tag,,FALSE,,,
Sampalok|NNP,no_tag,,FALSE,,,
Ma|NNP,no_tag,,FALSE,,,
Nobyembre|NNP,no_tag,,FALSE,,,
Kumaripas|NNP,no_tag,,FALSE,,,
maykatiwasayan|NNC,MISC,,FALSE,animal,,
bahalang|NNC_CCP,no_tag,not an entity,FALSE,consequence,,
kesa|NNC,no_tag,not an entity,FALSE,event,,
damuhan|NNC,location,,FALSE,location,,
Batuan|NNP,no_tag,,FALSE,,,
Paalis|NNP,no_tag,,FALSE,,,
telebisyon|NNC,object,,FALSE,object,,
Iraya|NNP,no_tag,,FALSE,,,
Aw|NNP,no_tag,,FALSE,,,
Barbara|NNP,no_tag,,FALSE,,,
Paratang|NNC,no_tag,verb,FALSE,,,
Diyos|NNP,no_tag,,FALSE,,,
kamarin|NNC,location,,FALSE,organization,,
Kamayanan|NNC,Location,ang munitng kamayanan,FALSE,,,
Kiko|NNC,no_tag,named_entity (person),FALSE,,,
Olin|NNP,no_tag,,FALSE,,,
disenyo|NNC,"MISC,person",taga-,TRUE,person,,
Sing|NNP,no_tag,,FALSE,,,
Baka|NNP,no_tag,,FALSE,,,
Gustung|NNP,no_tag,,FALSE,,,
paalam|NNC,"no_tag,gerund",verb,FALSE,,,
Florida|NNP,no_tag,,FALSE,,,
Tamtam|NNP,no_tag,,FALSE,,,
Filipino|NNP,no_tag,,FALSE,,,
Pangga|NNP,no_tag,,FALSE,,,
matatanda|NNC,person,,FALSE,gerund,,
dinrowing|NNC_CCP,object,,FALSE,emotion,,
Neeeeey|NNP,no_tag,,FALSE,,,
Oy|NNP,no_tag,,FALSE,,,
alay|NNC,no_tag,verb,FALSE,mythical creature,,
krayola|NNC,object,,FALSE,body part,,
ospital|NNC,location,,FALSE,food,,
kumulog|NNC,no_tag,verb,FALSE,,,
kuha|NNC,gerund,,FALSE,,,
Woooooosh|NNP,no_tag,,FALSE,,,
likuran|NNC,location,,FALSE,,,
Oyayi|NNP,no_tag,,FALSE,,,
ha|NNCA,no_tag,not an entity,FALSE,,,
Blag|NNP,no_tag,,FALSE,,,
hapunan|NNC,"food,event",,TRUE,,,
kasya|NNC,no_tag,adjective,FALSE,,,
alalahanin|NNC,no_tag,verb,FALSE,,,
baunan|NNC,object,,FALSE,,,
Napakunot|NNP,no_tag,,FALSE,,,
Hmm|NNP,no_tag,,FALSE,,,
papag|NNC,"object,location",both are true for a single sentence,TRUE,,,
Masaya|NNP,no_tag,,FALSE,,,
Manang|NNP,no_tag,,FALSE,,,
pamimili|NNC,no_tag,verb,FALSE,,,
Kawawa|NNP,no_tag,,FALSE,,,
Pabalik|NNP,no_tag,,FALSE,,,
Oktubre|NNP,no_tag,,FALSE,,,
rason|NNC,MISC,abstract,FALSE,,,
meryenda|NNC,"food,event",separate use cases,FALSE,,,
toyo|NNC,food,,FALSE,,,
butones|NNC,object,,FALSE,,,
Lani|NNP,no_tag,,FALSE,,,
kuwatro|NNC,location,,FALSE,,,
bituing|NNC_CCP,MISC,celestial body,FALSE,,,
bayong|NNC,object,,FALSE,,,
Helen|NNP,no_tag,,FALSE,,,
gulay|NNC,food,,FALSE,,,
Bentong|NNC_CCP,no_tag,named entity,FALSE,,,
kabinet|NNC,object,,FALSE,,,
aalalang|NNC_CCP,no_tag,verb,FALSE,,,
Sabay|NNC,no_tag,adverb,FALSE,,,
Kumusta|NNP,no_tag,,FALSE,,,
magkaibigan|NNC,person,,FALSE,,,
kanin|NNC,food,,FALSE,,,
marong|NNC_CCP,no_tag,not an entity,FALSE,,,
pakinabang|NNC,"MISC,no_tag",verb except for one use case,FALSE,,,
duwende|NNC,mythical creature,,FALSE,,,
Hinga|NNP,no_tag,,FALSE,,,
garapon|NNC,object,,FALSE,tags,,
prito|NNC,no_tag,adjective,FALSE,administration,,
Marie|NNP,no_tag,,FALSE,,,
Kikik|NNP,no_tag,,FALSE,,,
Sinapaw|NNP,no_tag,,FALSE,,,
Talasalitaan|NNP,no_tag,,FALSE,,,
hamon|NNC,"no_tag,gerund,misc",verb,FALSE,aim,,
Sitang|NNC,no_tag,named_entity (person),FALSE,,,
Ikaw|NNP,no_tag,,FALSE,,,
plato|NNC,object,,FALSE,animal,,
Sumagang|NNC_CCP,no_tag,named entity,FALSE,,,
Dok|NNP,no_tag,,FALSE,,,
simangot|NNC,no_tag,verb,FALSE,consequence,,
nakapila|NNC,no_tag,verb,FALSE,event,,
bangon|NNC,no_tag,verb,FALSE,location,,
parte|NNC,"object,location",use case based,TRUE,object,,
papaya|NNC,food,,FALSE,organization,,
tularan|NNC,no_tag,verb,FALSE,person,,
agawan|NNC,no_tag,verb,FALSE,,,
niyogan|NNC,location,,FALSE,gerund,,
Langit|NNP,no_tag,,FALSE,,,
palay|NNC,food,,FALSE,emotion,,
Tikboy|NNP,no_tag,,FALSE,,,
Indica|NNP,no_tag,,FALSE,,,
Aha|NNP,no_tag,,FALSE,,,
Hiwa|NNP,no_tag,,FALSE,,,
kapal|NNC,MISC,abstract measurement,FALSE,body part,,
balik|NNC,no_tag,verb,FALSE,food,,
Aray|NNP,no_tag,,FALSE,,,
hinaharap|NNC,no_tag,verb,FALSE,,,
Marga|NNP,no_tag,,FALSE,,,
Pakiusap|NNC,no_tag,verb,FALSE,,,
damong|NNC_CCP,object,,FALSE,,,
Gabay|NNP,no_tag,,FALSE,,,
mesa|NNC,object,,FALSE,,,
Advancing|NNP,no_tag,,FALSE,,,
Tumango|NNP,no_tag,,FALSE,,,
pangalan|NNC,MISC,abstract property,FALSE,,,
Titay|NNP,no_tag,,FALSE,,,
Mama|NNP,no_tag,,FALSE,,,
liwanang|NNC_CCP,MISC,not object,FALSE,,,
Limon|NNP,no_tag,,FALSE,,,
katandaan|NNC,MISC,abstract measurement,FALSE,,,
pangarap|NNC,MISC,abstract,FALSE,,,
atensyon|NNC,MISC,abstract,FALSE,,,
gutom|NNC,emotion,,FALSE,,,
lantang|NNC_CCP,no_tag,adjective,FALSE,,,
kumidlat|NNC,no_tag,verb,FALSE,,,
gabi|NNC,event,,FALSE,,,
kasiyahan|NNC,emotion,,FALSE,,,
tokayo|NNC,MISC,abstract nickname,FALSE,,,
Ayoko|NNP,no_tag,,FALSE,,,
Cimarron|NNP,no_tag,,FALSE,,,
markang|NNC_CCP,object,,FALSE,,,
nyo|NNCA,no_tag,pronoun,FALSE,,,
linga|NNC,no_tag,verb,FALSE,,,
pamumuhay|NNC,event,,FALSE,,,
paslit|NNC,person,,FALSE,,,
paggalang|NNC,gerund,,FALSE,,,
bituwin|NNC,MISC,celestial body,FALSE,,,
Tumatalon|NNP,no_tag,,FALSE,,,
Dahan|NNP,no_tag,,FALSE,,,
buhangin|NNC,object,,FALSE,,,
Kambang|NNP,no_tag,,FALSE,,,
pangangatawan|NNC,body part,,FALSE,tags,,
radyong|NNC_CCP,object,,FALSE,administration,,
Health|NNP,no_tag,,FALSE,,,
pakiusap|NNC,no_tag,verb,FALSE,aim,,
kalayuan|NNC,"MISC,no_tag",adjective on some use cases,TRUE,animal,,
tingting|NNC,object,,FALSE,consequence,,
Talaga|NNP,no_tag,,FALSE,,,
eskwelahan|NNC,location,,FALSE,event,,
Tongtong|NNC,no_tag,named_entity (person),FALSE,,,
Dulis|NNP,no_tag,,FALSE,,,
Magpapraktis|NNP,no_tag,,FALSE,,,
Tatago|NNP,no_tag,,FALSE,,,
panghuhuli|NNC,gerund,,FALSE,location,,
matirhan|NNC,no_tag,verb,FALSE,object,,
kapahamakan|NNC,consequence,,FALSE,organization,,
patay|NNC,no_tag,adjective,FALSE,person,,
pahayag|NNC,no_tag,verb,FALSE,,,
Santa|NNP,no_tag,,FALSE,,,
Tumilaok|NNP,no_tag,,FALSE,,,
in|NNP,no_tag,not a noun,FALSE,gerund,,
inang|NNC_CCP,animal,use case,FALSE,emotion,,
Akay|NNP,no_tag,,FALSE,,,
eroplanong|NNC_CCP,object,,FALSE,mythical creature,,
G.|NNPA,no_tag,named entity,FALSE,,,
internet|NNC,MISC,abstract tech,FALSE,body part,,
Mt.|NNPA,no_tag,named entity,FALSE,,,
sigaw|NNC,no_tag,verb,FALSE,food,,
tora|NNC,object,a toy plane,FALSE,,,
uwi|NNCA,no_tag,verb,FALSE,,,
sabi|NNC,no_tag,verb,FALSE,,,
Bonong|NNP,no_tag,,FALSE,,,
Crossing|NNP,no_tag,,FALSE,,,
pangisda|NNC,object,,FALSE,,,
Titingala|NNP,no_tag,,FALSE,,,
pagtatarabahuhan|NNC,location,,FALSE,,,
pagkakapasa|NNC,MISC,abstract measure,FALSE,,,
Ulang|NNC,no_tag,named_entity (person),FALSE,,,
Ins|NNC,event,only use case is from a glossary that conveniently says what it is,FALSE,,,
Mmmm|NNP,no_tag,,FALSE,,,
pugitang|NNC_CCP,animal,,FALSE,,,
Asia|NNP,no_tag,,FALSE,,,
palayaw|NNC,MISC,abstract,FALSE,,,
wika|NNC,MISC,abstract,FALSE,,,
habulan|NNC,MISC,abstract,FALSE,,,
magkapatid|NNC,organization,,FALSE,,,
miss|NNC,no_tag,verb,FALSE,,,
pagsasama|NNC,gerund,,FALSE,,,
Bawal|NNP,no_tag,,FALSE,,,
Tatay|NNC,person,common nickname,FALSE,,,
katiyakan|NNC,MISC,abstract measure,FALSE,,,
doktora|NNC,person,,FALSE,,,
koronang|NNC_CCP,object,,FALSE,,,
kabutihan|NNC,MISC,abstract,FALSE,,,
paghihirap|NNC,gerund,,FALSE,,,
linggo|NNC,event,,FALSE,,,
umang|NNC_CCP,animal,,FALSE,,,
de-baterya|NNC,no_tag,adjective,FALSE,,,
Titay|NNC,no_tag,named_entity (person),FALSE,,,
marka|NNC,object,,FALSE,,,
rhino|NNC,animal,,FALSE,tags,,
Moooo|NNP,no_tag,,FALSE,,,
sarap|NNC,no_tag,adjective,FALSE,administration,,
Pogs|NNP,no_tag,,FALSE,,,
Kaano|NNP,no_tag,,FALSE,,,
Cinderella|NNP,no_tag,,FALSE,,,
Kakay|NNP,no_tag,,FALSE,,,
kaibgan|NNC,person,,FALSE,aim,,
kailangan|NNC,object,,FALSE,animal,,
Moroporo|NNP,no_tag,,FALSE,,,
Piringkay|NNP,no_tag,,FALSE,,,
intensiyon|NNC,MISC,abstract,FALSE,consequence,,
langoy|NNC,gerund,,FALSE,event,,
hawak|NNC,"object,no_tag",verb,TRUE,location,,
laki|NNC,no_tag,adjective,FALSE,object,,
pangangamot|NNC,gerund,,FALSE,organization,,
pagkasakim|NNC,gerund,,FALSE,person,,
sibuyas|NNC,food,,FALSE,,,
Lumuluwas|NNP,no_tag,,FALSE,,,
Huwebes|NNP,no_tag,,FALSE,,,
paghahamon|NNC,no_tag,verb,FALSE,gerund,,
Hanah|NNP,no_tag,,FALSE,,,
Sasama|NNP,no_tag,,FALSE,,,
magkaklase|NNC,organization,,FALSE,emotion,,
anino|NNC,MISC,not an object,FALSE,mythical creature,,
kamoteng|NNC,food,,FALSE,body part,,
tansan|NNC,object,,FALSE,food,,
lubak|NNC,location,,FALSE,,,
nigo|NNC,object,,FALSE,,,
Sampaguita|NNP,no_tag,,FALSE,,,
hapon|NNC,event,,FALSE,,,
Yak|NNP,no_tag,,FALSE,,,
luha|NNC,object,,FALSE,,,
Basic|NNP,no_tag,,FALSE,,,
sagana|NNC,no_tag,adjective,FALSE,,,
pandemya|NNC,event,,FALSE,,,
Pagyayaya|NNP,no_tag,,FALSE,,,
batis|NNC,location,,FALSE,,,
Amanda|NNP,no_tag,,FALSE,,,
kita|NNC,no_tag,pronoun,FALSE,,,
Tumalon|NNP,no_tag,,FALSE,,,
pagbaba|NNC,no_tag,verb,FALSE,,,
problema|NNC,MISC,abstract,FALSE,,,
Hoy|NNP,no_tag,,FALSE,,,
Kabog|NNP,no_tag,,FALSE,,,
umaga|NNC,event,,FALSE,,,
Sitio|NNP,no_tag,,FALSE,,,
grupong|NNC_CCP,organization,,FALSE,,,
miyural|NNC,object,,FALSE,,,
biro|NNC,no_tag,verb,FALSE,,,
Sakay|NNP,no_tag,,FALSE,,,
Kadiri|NNP,no_tag,,FALSE,,,
Kokoy|NNC,no_tag,named_entity (person),FALSE,,,
Martes|NNP,no_tag,,FALSE,,,
Covy|NNP,no_tag,,FALSE,,,
Iyan|NNP,no_tag,,FALSE,,,
pananghalian|NNC,food,,FALSE,,,
Kwak|NNP,no_tag,,FALSE,,,
manilo|NNC,no_tag,"verb, to catch with a trap",FALSE,,,
lagay|NNC,no_tag,verb,FALSE,,,
France|NNP,no_tag,,FALSE,,,
Ginoong|NNP,no_tag,,FALSE,,,
papasok|NNC,no_tag,verb,FALSE,,,
Duuuumm|NNP,no_tag,,FALSE,,,
Binintangan|NNP,no_tag,,FALSE,,,
Napakalas|NNP,no_tag,,FALSE,,,
baka|NNC,animal,,FALSE,,,
Tata|NNP,no_tag,,FALSE,,,
Pa|NNC,person,common nickname,FALSE,,,
Ping|NNP,no_tag,,FALSE,,,
i|NNCA,no_tag,verb,FALSE,,,
habol|NNC,object,bisaya,FALSE,,,
hinay|NNC,no_tag,adverb,FALSE,,,
balisbisan|NNC,location,,FALSE,tags,,
bungang|NNC_CCP,food,,FALSE,administration,,
mapula|NNC,no_tag,adjective,FALSE,aim,,
Patingin|NNP,no_tag,,FALSE,,,
bakang|NNC_CCP,animal,,FALSE,animal,,
Teacher|NNP,no_tag,,FALSE,,,
Osito|NNP,no_tag,,FALSE,,,
pagkakaayos|NNC,MISC,abstract,FALSE,consequence,,
almusal|NNC,food,no use case for event,FALSE,event,,
Tito|NNP,no_tag,,FALSE,,,
dalandan|NNC,food,,FALSE,location,,
Palumban|NNP,no_tag,,FALSE,,,
dugtong|NNC,no_tag,verb,FALSE,object,,
tumpok|NNC,object,,FALSE,organization,,
hihihi|NNC,MISC,onomatopoeia,FALSE,person,,
retrato|NNC,object,,FALSE,,,
Tim|NNP,no_tag,,FALSE,,,
galamay|NNC,body part,,FALSE,gerund,,
ilustrador|NNC,person,,FALSE,emotion,,
pauwi|NNC,no_tag,adverb,FALSE,mythical creature,,
uusap|NNC,gerund,,FALSE,body part,,
rambutan|NNC,food,,FALSE,food,,
Dinakip|NNP,no_tag,,FALSE,,,
bunso|NNC,person,,FALSE,,,
pahinaan|NNC,no_tag,verb,FALSE,,,
Undo|NNP,no_tag,,FALSE,,,
kalan|NNC,object,,FALSE,,,
aspin|NNC,animal,,FALSE,,,
Krrrrrrrrrring|NNP,no_tag,,FALSE,,,
Ha|NNP,no_tag,,FALSE,,,
Tambibili|NNP,no_tag,,FALSE,,,
SIL|NNPA,no_tag,named entity,FALSE,,,
hipon|NNC,animal,,FALSE,,,
hiwaga|NNC,MISC,abstract,FALSE,,,
paa|NNC,body part,,FALSE,,,
Pining|NNP,no_tag,,FALSE,,,
kamatis|NNC,food,,FALSE,,,
pikadilyong|NNC_CCP,food,,FALSE,,,
Umindak|NNP,no_tag,,FALSE,,,
mamingwit|NNC,no_tag,verb,FALSE,,,
rutang|NNC_CCP,location,,FALSE,,,
paalala|NNC,"no_tag,MISC",verb abstract,TRUE,,,
Naalog|NNP,no_tag,,FALSE,,,
Rafflesia|NNP,no_tag,,FALSE,,,
RRIINNGG|NNP,no_tag,,FALSE,,,
bilis|NNC,no_tag,adjective,FALSE,,,
bathala|NNC,mythical creature,,FALSE,,,
Mamamangka|NNP,no_tag,,FALSE,,,
dami|NNC,no_tag,adjective,FALSE,,,
Nanoy|NNP,no_tag,,FALSE,,,
baha|NNC,event,,FALSE,,,
Sumilip|NNP,no_tag,,FALSE,,,
Ramos|NNP,no_tag,,FALSE,,,
dibdib|NNC,body part,,FALSE,,,
tumango|NNC,no_tag,verb,FALSE,,,
riyan|NNC,no-tag,not an entity,FALSE,,,
Vicky|NNP,no_tag,,FALSE,,,
pasok|NNC,event,,FALSE,,,
taas|NNC,"location,MISC,no_tag","adjective,abstract measurement",TRUE,,,
anyo|NNC,MISC,abstract,FALSE,,,
halikayo|NNC,no_tag,interjection,FALSE,tags,,
sampalok|NNC,food,,FALSE,administration,,
tanim|NNC,object,,FALSE,aim,,
Ason|NNP,no_tag,,FALSE,,,
lalanguyan|NNC,location,,FALSE,animal,,
mamahalin|NNC,object,,FALSE,consequence,,
laruang|NNC_CCP,object,,FALSE,event,,
Bulalakaw|NNP,no_tag,,FALSE,,,
lipad|NNC,no_tag,verb,FALSE,location,,
Naaamoy|NNP,no_tag,,FALSE,,,
kaingero|NNC,person,,FALSE,object,,
eh|NNCA,no_tag,not an entity,FALSE,organization,,
kain|NNC,no_tag,verb,FALSE,person,,
paglalaro|NNC,no_tag,verb,FALSE,,,
Sali|NNP,no_tag,,FALSE,,,
Mako|NNP,no_tag,,FALSE,,,
Three|NNP,no_tag,,FALSE,,,
balita|NNC,MISC,abstract,FALSE,gerund,,
Yan|NNP,no_tag,,FALSE,,,
tumago|NNC,no_tag,verb,FALSE,emotion,,
Mayon|NNP,no_tag,,FALSE,,,
susi|NNC,object,,FALSE,mythical creature,,
pasukan|NNC,event,,FALSE,body part,,
balde|NNC,object,,FALSE,food,,
tawa|NNC,gerund,,FALSE,,,
edit|NNC,no_tag,verb,FALSE,,,
Puwede|NNP,no_tag,,FALSE,,,
dali|NNC,no_tag,adverb,FALSE,,,
andito|NNC,no_tag,not an entity,FALSE,,,
dahan|NNC,no_tag,"adverb, dahan dahan",FALSE,,,
laman|NNC,object,,FALSE,,,
Eh|NNP,no_tag,,FALSE,,,
Dexter|NNP,no_tag,,FALSE,,,
Tamar|NNP,no_tag,,FALSE,,,
miryenda|NNC,food,,FALSE,,,
ani|NNC,"object,no_tag",verb,TRUE,,,
Maghuhugas|NNP,no_tag,,FALSE,,,
Nicolas|NNP,no_tag,,FALSE,,,
Buti|NNP,no_tag,,FALSE,,,
porma|NNC,MISC,abstract order,FALSE,,,
sakahan|NNC,location,,FALSE,,,
taya|NNC,MISC,abstract role,FALSE,,,
tindahan|NNC,location,,FALSE,,,
pagpapatnubay|NNC,gerund,,FALSE,,,
bisig|NNC,body part,,FALSE,,,
Two|NNP,no_tag,,FALSE,,,
Carl|NNP,no_tag,,FALSE,,,
basketbolista|NNC,person,,FALSE,,,
Basahin|NNP,no_tag,,FALSE,,,
COVID|NNPA,no_tag,named entity,FALSE,,,
kagat|NNC,"gerund,no_tag",verb,FALSE,tags,,
Bikolnon|NNP,no_tag,,FALSE,,,
Papasok|NNP,no_tag,,FALSE,,,
pong|NNC_CCP,no_tag,honorific,FALSE,administration,,
mantika|NNC,food,,FALSE,aim,,
pagbibisekleta|NNC,gerund,,FALSE,animal,,
proyektong|NNC_CCP,MISC,doesn't fit anywhere,FALSE,consequence,,
Pauwi|NNP,no_tag,,FALSE,,,
kalungkutan|NNC,emotion,,FALSE,event,,
pagbuksan|NNC,no_tag,verb,FALSE,location,,
Lilly|NNP,no_tag,,FALSE,,,
Mali|NNP,no_tag,,FALSE,,,
pala|NNC,"object,no_tag",only object on that one use case where it means shovel,TRUE,object,,
pagmamalaki|NNC,no_tag,verb,FALSE,organization,,
Pula|NNP,no_tag,,FALSE,,,
sabat|NNC,no_tag,verb,FALSE,person,,
A|NNPA,no_tag,interjection,FALSE,,,
magpasakay|NNC,no_tag,verb,FALSE,,,
palang|NNC_CCP,no_tag,no use case for shovel,FALSE,gerund,,
dugo|NNC,body part,,FALSE,emotion,,
Biningwit|NNP,no_tag,,FALSE,,,
Tatay|NNP,no_tag,,FALSE,,,
Papelastika|NNP,no_tag,,FALSE,,,
Aya|NNP,no_tag,,FALSE,,,
ulam|NNC,food,,FALSE,mythical creature,,
Klaaaaattt|NNP,no_tag,,FALSE,,,
alab|NNC,no_tag,verb,FALSE,body part,,
kuneho|NNC,animal,,FALSE,food,,
Halika|NNP,no_tag,,FALSE,,,
LEAD|NNPA,no_tag,named entity,FALSE,,,
Simatar|NNP,no_tag,,FALSE,,,
Buhi|NNP,no_tag,,FALSE,,,
Neeeey|NNP,no_tag,,FALSE,,,
Kumakaripas|NNP,no_tag,,FALSE,,,